time,id,field,value
02:00,crm-cdc,rate,0
02:00,erp-cdc,rate,0
02:00,web-ev,rate,0
02:00,ing-clean,rate,0
02:00,clean-dedup,rate,0
02:00,dedup-enrich,rate,0
02:00,enrich-silver,rate,0
02:00,silver-gold,rate,0
02:00,gold-bi,rate,0
02:00,gold-ml,rate,0
02:00,kafka,heat,1.8
02:00,limpieza,heat,6.3
02:00,dedup,heat,4.6
02:00,enriquecido,heat,7.8
02:00,silver,heat,4.1
02:00,gold,heat,10.7
02:00,gold,progress,0
02:00,k-filas,value,0
02:00,k-frescura,value,17.8
02:00,limpieza,spark,0
02:00,limpieza,alert,-
02:10,crm-cdc,rate,351.9
02:10,erp-cdc,rate,271.8
02:10,web-ev,rate,427.8
02:10,ing-clean,rate,1055.7
02:10,clean-dedup,rate,1005.9
02:10,dedup-enrich,rate,960.8
02:10,enrich-silver,rate,957.7
02:10,silver-gold,rate,648.7
02:10,gold-bi,rate,90.2
02:10,gold-ml,rate,61
02:10,kafka,heat,2.8
02:10,limpieza,heat,7.3
02:10,dedup,heat,5.2
02:10,enriquecido,heat,9.3
02:10,silver,heat,4.5
02:10,gold,heat,10
02:10,gold,progress,0
02:10,k-filas,value,1.3
02:10,k-frescura,value,17.7
02:10,limpieza,spark,1061.6
02:10,limpieza,alert,-
02:20,crm-cdc,rate,785.6
02:20,erp-cdc,rate,510.9
02:20,web-ev,rate,907.4
02:20,ing-clean,rate,1998.9
02:20,clean-dedup,rate,2059.8
02:20,dedup-enrich,rate,2034.8
02:20,enrich-silver,rate,2040.7
02:20,silver-gold,rate,1233.2
02:20,gold-bi,rate,186.7
02:20,gold-ml,rate,137.8
02:20,kafka,heat,4
02:20,limpieza,heat,8.4
02:20,dedup,heat,7.1
02:20,enriquecido,heat,11.7
02:20,silver,heat,3.9
02:20,gold,heat,9.5
02:20,gold,progress,0.1
02:20,k-filas,value,3.8
02:20,k-frescura,value,19
02:20,limpieza,spark,2000
02:20,limpieza,alert,-
02:30,crm-cdc,rate,1177.2
02:30,erp-cdc,rate,826.7
02:30,web-ev,rate,1222.6
02:30,ing-clean,rate,3267.9
02:30,clean-dedup,rate,2873.2
02:30,dedup-enrich,rate,3010.2
02:30,enrich-silver,rate,3061.7
02:30,silver-gold,rate,1899.4
02:30,gold-bi,rate,310.8
02:30,gold-ml,rate,195.4
02:30,kafka,heat,4.7
02:30,limpieza,heat,8.9
02:30,dedup,heat,7.9
02:30,enriquecido,heat,13.7
02:30,silver,heat,3.9
02:30,gold,heat,10.6
02:30,gold,progress,0.1
02:30,k-filas,value,7.6
02:30,k-frescura,value,19.2
02:30,limpieza,spark,3063.6
02:30,limpieza,alert,-
02:40,crm-cdc,rate,1370.3
02:40,erp-cdc,rate,979.4
02:40,web-ev,rate,1789.9
02:40,ing-clean,rate,4035.7
02:40,clean-dedup,rate,3971.8
02:40,dedup-enrich,rate,3968.1
02:40,enrich-silver,rate,3857.8
02:40,silver-gold,rate,2513
02:40,gold-bi,rate,368.5
02:40,gold-ml,rate,253.7
02:40,kafka,heat,4.5
02:40,limpieza,heat,10.1
02:40,dedup,heat,8.1
02:40,enriquecido,heat,15.2
02:40,silver,heat,3.5
02:40,gold,heat,11
02:40,gold,progress,0.2
02:40,k-filas,value,12.6
02:40,k-frescura,value,20.6
02:40,limpieza,spark,4315.2
02:40,limpieza,alert,-
02:50,crm-cdc,rate,1484.4
02:50,erp-cdc,rate,1029.5
02:50,web-ev,rate,1801.4
02:50,ing-clean,rate,4261.3
02:50,clean-dedup,rate,4032.9
02:50,dedup-enrich,rate,3871.3
02:50,enrich-silver,rate,3918.8
02:50,silver-gold,rate,2458.7
02:50,gold-bi,rate,437
02:50,gold-ml,rate,263.6
02:50,kafka,heat,5.6
02:50,limpieza,heat,9.3
02:50,dedup,heat,7.5
02:50,enriquecido,heat,15.3
02:50,silver,heat,4.2
02:50,gold,heat,9.6
02:50,gold,progress,0.2
02:50,k-filas,value,15.1
02:50,k-frescura,value,20.7
02:50,limpieza,spark,4142.7
02:50,limpieza,alert,-
03:00,crm-cdc,rate,1553.6
03:00,erp-cdc,rate,1047.4
03:00,web-ev,rate,1683
03:00,ing-clean,rate,4087.1
03:00,clean-dedup,rate,3870.9
03:00,dedup-enrich,rate,4065.7
03:00,enrich-silver,rate,4051.8
03:00,silver-gold,rate,2460.1
03:00,gold-bi,rate,420.6
03:00,gold-ml,rate,251.7
03:00,kafka,heat,5.5
03:00,limpieza,heat,9.9
03:00,dedup,heat,7.2
03:00,enriquecido,heat,12.7
03:00,silver,heat,3.4
03:00,gold,heat,10.1
03:00,gold,progress,0.3
03:00,k-filas,value,17.6
03:00,k-frescura,value,20
03:00,limpieza,spark,4329.4
03:00,limpieza,alert,-
03:10,crm-cdc,rate,1429.6
03:10,erp-cdc,rate,1071.9
03:10,web-ev,rate,1844.6
03:10,ing-clean,rate,4197
03:10,clean-dedup,rate,4135.6
03:10,dedup-enrich,rate,3818.8
03:10,enrich-silver,rate,3966
03:10,silver-gold,rate,2518.7
03:10,gold-bi,rate,379.5
03:10,gold-ml,rate,247.8
03:10,kafka,heat,5
03:10,limpieza,heat,10.2
03:10,dedup,heat,7.9
03:10,enriquecido,heat,13.4
03:10,silver,heat,4
03:10,gold,heat,10
03:10,gold,progress,0.3
03:10,k-filas,value,20.2
03:10,k-frescura,value,20
03:10,limpieza,spark,4254.5
03:10,limpieza,alert,-
03:20,crm-cdc,rate,1539.8
03:20,erp-cdc,rate,1049.4
03:20,web-ev,rate,1700.2
03:20,ing-clean,rate,4079.8
03:20,clean-dedup,rate,4142.2
03:20,dedup-enrich,rate,3898.1
03:20,enrich-silver,rate,3751.5
03:20,silver-gold,rate,2538.2
03:20,gold-bi,rate,390.9
03:20,gold-ml,rate,244.3
03:20,kafka,heat,5
03:20,limpieza,heat,10.8
03:20,dedup,heat,7.8
03:20,enriquecido,heat,13.1
03:20,silver,heat,4.4
03:20,gold,heat,10.7
03:20,gold,progress,0.4
03:20,k-filas,value,22.7
03:20,k-frescura,value,21.7
03:20,limpieza,spark,4091.1
03:20,limpieza,alert,-
03:30,crm-cdc,rate,1422
03:30,erp-cdc,rate,1008.4
03:30,web-ev,rate,1616.9
03:30,ing-clean,rate,2406.7
03:30,clean-dedup,rate,2140.2
03:30,dedup-enrich,rate,2113.1
03:30,enrich-silver,rate,2000.3
03:30,silver-gold,rate,1009.4
03:30,gold-bi,rate,395.4
03:30,gold-ml,rate,272.6
03:30,kafka,heat,4.3
03:30,limpieza,heat,35.9
03:30,dedup,heat,29.6
03:30,enriquecido,heat,41.6
03:30,silver,heat,23.9
03:30,gold,heat,51.9
03:30,gold,progress,0.4
03:30,k-filas,value,25.2
03:30,k-frescura,value,58.7
03:30,limpieza,spark,2196.4
03:30,limpieza,alert,warn
03:40,crm-cdc,rate,1546
03:40,erp-cdc,rate,1124.9
03:40,web-ev,rate,1813.9
03:40,ing-clean,rate,2251.9
03:40,clean-dedup,rate,2030.3
03:40,dedup-enrich,rate,2072.2
03:40,enrich-silver,rate,2011.1
03:40,silver-gold,rate,1058.2
03:40,gold-bi,rate,420.1
03:40,gold-ml,rate,258.4
03:40,kafka,heat,4.5
03:40,limpieza,heat,34.4
03:40,dedup,heat,28.6
03:40,enriquecido,heat,50.5
03:40,silver,heat,20.8
03:40,gold,heat,47.7
03:40,gold,progress,0.5
03:40,k-filas,value,27.7
03:40,k-frescura,value,57.8
03:40,limpieza,spark,2416.3
03:40,limpieza,alert,warn
03:50,crm-cdc,rate,1543.3
03:50,erp-cdc,rate,982.5
03:50,web-ev,rate,1706.5
03:50,ing-clean,rate,2361.8
03:50,clean-dedup,rate,2175.3
03:50,dedup-enrich,rate,2099.7
03:50,enrich-silver,rate,1988.6
03:50,silver-gold,rate,976
03:50,gold-bi,rate,432.9
03:50,gold-ml,rate,268.3
03:50,kafka,heat,4.5
03:50,limpieza,heat,34.4
03:50,dedup,heat,27.1
03:50,enriquecido,heat,47.3
03:50,silver,heat,24.2
03:50,gold,heat,47.1
03:50,gold,progress,0.5
03:50,k-filas,value,30.2
03:50,k-frescura,value,58.4
03:50,limpieza,spark,2395.9
03:50,limpieza,alert,warn
04:00,crm-cdc,rate,1537.9
04:00,erp-cdc,rate,1092.8
04:00,web-ev,rate,1565.4
04:00,ing-clean,rate,2243
04:00,clean-dedup,rate,2151.7
04:00,dedup-enrich,rate,2157.7
04:00,enrich-silver,rate,1934.7
04:00,silver-gold,rate,1029.9
04:00,gold-bi,rate,427.8
04:00,gold-ml,rate,253.7
04:00,kafka,heat,4.8
04:00,limpieza,heat,34
04:00,dedup,heat,26.3
04:00,enriquecido,heat,42.2
04:00,silver,heat,22.2
04:00,gold,heat,55
04:00,gold,progress,0.5
04:00,k-filas,value,32.8
04:00,k-frescura,value,60.8
04:00,limpieza,spark,2317.2
04:00,limpieza,alert,warn
04:10,crm-cdc,rate,1570.1
04:10,erp-cdc,rate,1110.3
04:10,web-ev,rate,1636.6
04:10,ing-clean,rate,4370.6
04:10,clean-dedup,rate,4021.1
04:10,dedup-enrich,rate,4011.7
04:10,enrich-silver,rate,3982.8
04:10,silver-gold,rate,2604.9
04:10,gold-bi,rate,371.4
04:10,gold-ml,rate,279.4
04:10,kafka,heat,4.3
04:10,limpieza,heat,9.7
04:10,dedup,heat,8.8
04:10,enriquecido,heat,14.5
04:10,silver,heat,4.5
04:10,gold,heat,10.6
04:10,gold,progress,0.6
04:10,k-filas,value,35.3
04:10,k-frescura,value,22.1
04:10,limpieza,spark,3994.1
04:10,limpieza,alert,-
04:20,crm-cdc,rate,1471.5
04:20,erp-cdc,rate,971.4
04:20,web-ev,rate,1683.7
04:20,ing-clean,rate,4239.9
04:20,clean-dedup,rate,4035
04:20,dedup-enrich,rate,3942.5
04:20,enrich-silver,rate,3811.4
04:20,silver-gold,rate,2444.6
04:20,gold-bi,rate,423.9
04:20,gold-ml,rate,240
04:20,kafka,heat,4.3
04:20,limpieza,heat,10.8
04:20,dedup,heat,7.8
04:20,enriquecido,heat,15.2
04:20,silver,heat,3.8
04:20,gold,heat,9.7
04:20,gold,progress,0.6
04:20,k-filas,value,37.8
04:20,k-frescura,value,24.5
04:20,limpieza,spark,4106.4
04:20,limpieza,alert,-
04:30,crm-cdc,rate,1464.2
04:30,erp-cdc,rate,1037.9
04:30,web-ev,rate,1608.9
04:30,ing-clean,rate,4393.8
04:30,clean-dedup,rate,4077.9
04:30,dedup-enrich,rate,3799.7
04:30,enrich-silver,rate,3923.8
04:30,silver-gold,rate,2550.9
04:30,gold-bi,rate,411.8
04:30,gold-ml,rate,239.4
04:30,kafka,heat,4.5
04:30,limpieza,heat,9.2
04:30,dedup,heat,7.4
04:30,enriquecido,heat,14.9
04:30,silver,heat,4.2
04:30,gold,heat,9
04:30,gold,progress,0.7
04:30,k-filas,value,40.3
04:30,k-frescura,value,24
04:30,limpieza,spark,4149.4
04:30,limpieza,alert,-
04:40,crm-cdc,rate,1494.5
04:40,erp-cdc,rate,1120.2
04:40,web-ev,rate,1549.6
04:40,ing-clean,rate,4298.7
04:40,clean-dedup,rate,4180.1
04:40,dedup-enrich,rate,4077.8
04:40,enrich-silver,rate,3933.2
04:40,silver-gold,rate,2423.7
04:40,gold-bi,rate,393.1
04:40,gold-ml,rate,285.1
04:40,kafka,heat,5.2
04:40,limpieza,heat,10.5
04:40,dedup,heat,8.3
04:40,enriquecido,heat,13.4
04:40,silver,heat,3.8
04:40,gold,heat,10.9
04:40,gold,progress,0.7
04:40,k-filas,value,42.8
04:40,k-frescura,value,24.7
04:40,limpieza,spark,4233.8
04:40,limpieza,alert,-
04:50,crm-cdc,rate,1469.4
04:50,erp-cdc,rate,1051
04:50,web-ev,rate,1746.6
04:50,ing-clean,rate,4112.6
04:50,clean-dedup,rate,3987
04:50,dedup-enrich,rate,4061.4
04:50,enrich-silver,rate,3747
04:50,silver-gold,rate,2511.9
04:50,gold-bi,rate,410.1
04:50,gold-ml,rate,272.1
04:50,kafka,heat,5.1
04:50,limpieza,heat,10.6
04:50,dedup,heat,7.7
04:50,enriquecido,heat,13.9
04:50,silver,heat,4.5
04:50,gold,heat,9.3
04:50,gold,progress,0.8
04:50,k-filas,value,45.4
04:50,k-frescura,value,23.9
04:50,limpieza,spark,4190
04:50,limpieza,alert,-
05:00,crm-cdc,rate,1467.5
05:00,erp-cdc,rate,1099.5
05:00,web-ev,rate,1652.5
05:00,ing-clean,rate,4187.1
05:00,clean-dedup,rate,4112.2
05:00,dedup-enrich,rate,4042.5
05:00,enrich-silver,rate,4041.6
05:00,silver-gold,rate,2412.3
05:00,gold-bi,rate,385.9
05:00,gold-ml,rate,281.6
05:00,kafka,heat,4.6
05:00,limpieza,heat,9.5
05:00,dedup,heat,7.3
05:00,enriquecido,heat,15
05:00,silver,heat,3.5
05:00,gold,heat,10.6
05:00,gold,progress,0.8
05:00,k-filas,value,47.9
05:00,k-frescura,value,24.9
05:00,limpieza,spark,4174.2
05:00,limpieza,alert,-
05:10,crm-cdc,rate,1253.2
05:10,erp-cdc,rate,811.3
05:10,web-ev,rate,1520
05:10,ing-clean,rate,3462.3
05:10,clean-dedup,rate,3214.7
05:10,dedup-enrich,rate,3238
05:10,enrich-silver,rate,3267.1
05:10,silver-gold,rate,2008.6
05:10,gold-bi,rate,345.9
05:10,gold-ml,rate,206.9
05:10,kafka,heat,4.9
05:10,limpieza,heat,10.3
05:10,dedup,heat,8.6
05:10,enriquecido,heat,14.4
05:10,silver,heat,3.8
05:10,gold,heat,10.6
05:10,gold,progress,0.9
05:10,k-filas,value,42
05:10,k-frescura,value,26.8
05:10,limpieza,spark,3587.8
05:10,limpieza,alert,-
05:20,crm-cdc,rate,924.4
05:20,erp-cdc,rate,664.8
05:20,web-ev,rate,1011.7
05:20,ing-clean,rate,2680.4
05:20,clean-dedup,rate,2555.6
05:20,dedup-enrich,rate,2525.8
05:20,enrich-silver,rate,2716.7
05:20,silver-gold,rate,1708.7
05:20,gold-bi,rate,278.1
05:20,gold-ml,rate,165.8
05:20,kafka,heat,5.2
05:20,limpieza,heat,9
05:20,dedup,heat,8.8
05:20,enriquecido,heat,13.3
05:20,silver,heat,4.3
05:20,gold,heat,10.6
05:20,gold,progress,0.9
05:20,k-filas,value,35.3
05:20,k-frescura,value,26.7
05:20,limpieza,spark,2884.8
05:20,limpieza,alert,-
05:30,crm-cdc,rate,724.7
05:30,erp-cdc,rate,506.8
05:30,web-ev,rate,908.4
05:30,ing-clean,rate,2132
05:30,clean-dedup,rate,1930.2
05:30,dedup-enrich,rate,1933
05:30,enrich-silver,rate,2027.8
05:30,silver-gold,rate,1202.9
05:30,gold-bi,rate,198.1
05:30,gold-ml,rate,139.9
05:30,kafka,heat,5.4
05:30,limpieza,heat,10.9
05:30,dedup,heat,8.2
05:30,enriquecido,heat,13.2
05:30,silver,heat,4.4
05:30,gold,heat,9.1
05:30,gold,progress,1
05:30,k-filas,value,27.7
05:30,k-frescura,value,26.2
05:30,limpieza,spark,2142.7
05:30,limpieza,alert,-
05:40,crm-cdc,rate,507.3
05:40,erp-cdc,rate,375.4
05:40,web-ev,rate,536.1
05:40,ing-clean,rate,1382.4
05:40,clean-dedup,rate,1309.5
05:40,dedup-enrich,rate,1368
05:40,enrich-silver,rate,1269.4
05:40,silver-gold,rate,865.4
05:40,gold-bi,rate,144.7
05:40,gold-ml,rate,79.4
05:40,kafka,heat,5.7
05:40,limpieza,heat,9.2
05:40,dedup,heat,8.1
05:40,enriquecido,heat,13.8
05:40,silver,heat,3.5
05:40,gold,heat,9.3
05:40,gold,progress,1
05:40,k-filas,value,19.3
05:40,k-frescura,value,27.4
05:40,limpieza,spark,1404.9
05:40,limpieza,alert,-
05:50,crm-cdc,rate,242.3
05:50,erp-cdc,rate,177.8
05:50,web-ev,rate,295.5
05:50,ing-clean,rate,718.4
05:50,clean-dedup,rate,703
05:50,dedup-enrich,rate,642.7
05:50,enrich-silver,rate,654.7
05:50,silver-gold,rate,409.7
05:50,gold-bi,rate,60.4
05:50,gold-ml,rate,45.2
05:50,kafka,heat,5.6
05:50,limpieza,heat,10.3
05:50,dedup,heat,7.4
05:50,enriquecido,heat,13.1
05:50,silver,heat,4.2
05:50,gold,heat,9.7
05:50,gold,progress,1
05:50,k-filas,value,10.1
05:50,k-frescura,value,27.2
05:50,limpieza,spark,710
05:50,limpieza,alert,-
06:00,crm-cdc,rate,224.9
06:00,erp-cdc,rate,165.9
06:00,web-ev,rate,275.5
06:00,ing-clean,rate,599.6
06:00,clean-dedup,rate,599.8
06:00,dedup-enrich,rate,581.7
06:00,enrich-silver,rate,565.6
06:00,silver-gold,rate,373.7
06:00,gold-bi,rate,58.1
06:00,gold-ml,rate,36.1
06:00,kafka,heat,5
06:00,limpieza,heat,10.8
06:00,dedup,heat,7.8
06:00,enriquecido,heat,13.6
06:00,silver,heat,4.2
06:00,gold,heat,9.1
06:00,gold,progress,1
06:00,k-filas,value,9.5
06:00,k-frescura,value,28.6
06:00,limpieza,spark,646.1
06:00,limpieza,alert,-
